<?xml version="1.0" encoding="UTF-8"?>
<deploy xmlns="http://www.apache.org/ode/schemas/dd/2007/03" xmlns:FlowSOG="http://iaas.uni-stuttgart.de/labs/FlowSOG" xmlns:de.ustutt.simtech="http://de.ustutt.simtech">
  <process name="de.ustutt.simtech:ConductOrder">
    <metaData>
      <mdProperty name="v" value="1"/>
    </metaData>
    <active>true</active>
    <retired>false</retired>
    <process-events generate="all"/>
    <provide partnerLink="client">
      <service name="de.ustutt.simtech:ConductOrderService" port="ConductOrderPort"/>
    </provide>
    <provide partnerLink="InventoryCallbackPartnerLink">
      <service name="FlowSOG:InventoryCallbackService" port="InventoryCallbackPort"/>
    </provide>
    <invoke partnerLink="InventoryPartnerLink">
      <service name="FlowSOG:InventoryService" port="InventoryPort"/>
    </invoke>
    <invoke partnerLink="OrderServicePartnerLink">
      <service name="FlowSOG:OrderService" port="OrderPort"/>
    </invoke>
    <invoke partnerLink="PaymentPartnerLink">
      <service name="FlowSOG:PaymentService" port="PaymentPort"/>
    </invoke>
    <invoke partnerLink="ShipmentPartnerLink">
      <service name="FlowSOG:ShipmentService" port="ShipmentPort"/>
    </invoke>
  </process>
</deploy>